Row Labels, 1/22/2020, 1/23/2020, 1/24/2020, 1/25/2020, 1/26/2020, 1/27/2020, 1/28/2020, 1/29/2020, 1/30/2020, 1/31/2020, 2/1/2020, 2/2/2020, 2/3/2020, 2/4/2020, 2/5/2020, 2/6/2020, 2/7/2020, 2/8/2020, 2/9/2020, 2/10/2020, 2/11/2020, 2/12/2020, 2/13/2020, 2/14/2020, 2/15/2020, 2/16/2020, 2/17/2020, 2/18/2020, 2/19/2020, 2/20/2020, 2/21/2020, 2/22/2020, 2/23/2020, 2/24/2020, 2/25/2020, 2/26/2020, 2/27/2020, 2/28/2020, 2/29/2020, 3/1/2020, 3/2/2020, 3/3/2020, 3/4/2020, 3/5/2020, 3/6/2020, 3/7/2020, 3/8/2020, 3/9/2020, 3/10/2020, 3/11/2020, 3/12/2020, 3/13/2020, 3/14/2020, 3/15/2020, 3/16/2020, 3/17/2020, 3/18/2020, 3/19/2020, 3/20/2020, 3/21/2020, 3/22/2020, 3/23/2020, 3/24/2020, 3/25/2020, 3/26/2020, 3/27/2020, 3/28/2020, 3/29/2020, 3/30/2020, 3/31/2020, 4/1/2020, 4/2/2020, 4/3/2020, 4/4/2020, 4/5/2020, 4/6/2020,country,continent
Afghanistan,0,0,0,0,0,0,0,0,0,0,0,0,0,0,0,0,0,0,0,0,0,0,0,0,0,0,0,0,0,0,0,0,0,0,0.2,0.2,0.2,0.2,0.2,0,0,0,0,0,0,0,0,0.6,0.6,0.8,1.2,1.2,0.6,1.4,2.2,2.8,3,3,2.2,1.6,0.6,3.6,3.6,10.4,12,14,14,14,9.2,17.2,16,25.4,32.6,32.2,25.8,35,Afghanistan,Asia
Albania,0,0,0,0,0,0,0,0,0,0,0,0,0,0,0,0,0,0,0,0,0,0,0,0,0,0,0,0,0,0,0,0,0,0,0,0,0,0,0,0,0,0,0,0,0,0,0,0,0.4,2,2.4,4.6,6.6,7.2,6.4,7.8,6.4,5.2,5.2,5.6,5,6.8,9,11.8,15.2,19.6,19.4,18.6,17.8,15.4,13.8,14.6,16,18.4,22,23.6,Albania,Europe
Algeria,0,0,0,0,0,0,0,0,0,0,0,0,0,0,0,0,0,0,0,0,0,0,0,0,0,0,0,0,0,0,0,0,0,0,0,0.2,0.2,0.2,0.2,0.2,0,0.4,0.8,2.2,2.2,3.2,2.8,2.8,1.6,1.6,0.6,1.4,1.4,3.4,5.6,6.8,7.2,9.6,10,8.4,17,28.2,31.2,35.4,42.4,45.6,41.6,44.8,49.4,56.4,69.8,87.6,106.4,132,133.4,120.8,Algeria,Africa
Andorra,0,0,0,0,0,0,0,0,0,0,0,0,0,0,0,0,0,0,0,0,0,0,0,0,0,0,0,0,0,0,0,0,0,0,0,0,0,0,0,0,0,0.2,0.2,0.2,0.2,0.2,0,0,0,0,0,0,0,0,0,0.2,7.6,7.6,10.4,14.8,17.2,14.8,18.8,22.2,22.6,27.2,30.8,35,34,36.4,30.4,24.6,24,21,19.2,25,Andorra,Europe
Angola,0,0,0,0,0,0,0,0,0,0,0,0,0,0,0,0,0,0,0,0,0,0,0,0,0,0,0,0,0,0,0,0,0,0,0,0,0,0,0,0,0,0,0,0,0,0,0,0,0,0,0,0,0,0,0,0,0,0,0,0.2,0.4,0.4,0.6,0.6,0.4,0.4,0.4,0.4,0.8,0.8,0.6,0.8,0.6,0.2,0.6,1.4,Angola,Africa
Antigua and Barbuda,0,0,0,0,0,0,0,0,0,0,0,0,0,0,0,0,0,0,0,0,0,0,0,0,0,0,0,0,0,0,0,0,0,0,0,0,0,0,0,0,0,0,0,0,0,0,0,0,0,0,0,0,0.2,0.2,0.2,0.2,0.2,0,0,0,0,0,0.4,0.4,0.4,1.2,1.2,0.8,0.8,0.8,0,0,0.4,1.6,1.6,1.6,Antigua and Barbuda,North America
Argentina,0,0,0,0,0,0,0,0,0,0,0,0,0,0,0,0,0,0,0,0,0,0,0,0,0,0,0,0,0,0,0,0,0,0,0,0,0,0,0,0,0,0,0.2,0.2,0.2,0.4,1.6,2.2,2.2,3.2,3.4,2.2,3.8,4.4,5.6,7.4,9.8,9.6,12.6,16.6,20.4,39.6,44.4,58,51.8,68.8,64.6,77.8,71.6,86.6,110.4,93,88.6,104,126.2,79.4,Argentina,South America
Armenia,0,0,0,0,0,0,0,0,0,0,0,0,0,0,0,0,0,0,0,0,0,0,0,0,0,0,0,0,0,0,0,0,0,0,0,0,0,0,0,0,0.2,0.2,0.2,0.2,0.2,0,0,0,0,0,0,0.6,1.4,3.4,5,10.2,14.8,15.2,19.4,22,21.6,23.2,30.2,26.8,25.8,26,27,34.4,35,43.4,48.4,48.4,51.2,62.4,57.6,58,Armenia,Asia
Australia,0,0,0,0,4,0.8,1,1,1.2,1.7999999999999998,1,1.4,1.4,1.2000000000000002,0.8,0.8,0.4,0.6,0.6,0.4,0.4,0.2,0,0,0,0,0,0,0,0,0,0,0,0,0,0,0,0,0,2,2.4,3,4.800000000000001,7.4,6.000000000000001,6.6,6.6000000000000005,7.4,7.800000000000001,10.399999999999999,13.600000000000001,13,24.8,31.8,38.00000000000001,49.79999999999999,64.8,73.60000000000001,86.20000000000002,98.8,138.8,219.39999999999998,222.8,272.6,314.59999999999997,347.8,318.79999999999995,391.6000000000001,388.00000000000006,399.40000000000003,349.80000000000007,343.8,295.19999999999993,269.2,237.8,225.6,Australia,Oceania
Austria,0,0,0,0,0,0,0,0,0,0,0,0,0,0,0,0,0,0,0,0,0,0,0,0,0,0,0,0,0,0,0,0,0,0,0,0.4,0.4,0.6,0.6,1.8,2.4,3.2,3.6,5.2,6.4,8.2,12.2,16.6,20.4,28.2,38.2,44.6,80,104.8,135.6,154.4,206,228.4,271.6,305.6,359.2,450,565.6,654,640,819,815,759.4,701,806,654.2,610.8,571.6,547.2,432.6,374.2,Austria,Europe
Azerbaijan,0,0,0,0,0,0,0,0,0,0,0,0,0,0,0,0,0,0,0,0,0,0,0,0,0,0,0,0,0,0,0,0,0,0,0,0,0,0,0,0,0.6,0.6,0.6,0.6,1.2,0.6,1.2,1.2,1.2,1,1,0.4,1.2,1.2,2.4,3.4,3.4,2.6,5.8,4.2,5,7.4,8.8,8.6,9.8,13.8,20,22,24.4,36,35.2,38.8,43.6,46.8,49.6,57.2,Azerbaijan,Asia
Bahamas,0,0,0,0,0,0,0,0,0,0,0,0,0,0,0,0,0,0,0,0,0,0,0,0,0,0,0,0,0,0,0,0,0,0,0,0,0,0,0,0,0,0,0,0,0,0,0,0,0,0,0,0,0,0,0,0.2,0.2,0.2,0.6,0.6,0.6,0.6,0.6,0.4,0.4,1,1.2,1.2,1.2,1.8,1,2.2,2.8,2.6,2.8,2.8,Bahamas,North America
Bahrain,0,0,0,0,0,0,0,0,0,0,0,0,0,0,0,0,0,0,0,0,0,0,0,0,0,0,0,0,0,0,0,0,0,0,0.2,4.6,6.6,6.6,7.2,8,4.8,3.2,3.2,3.2,2.8,2.6,7.2,7.2,8.6,11,27,22,22,23,20.8,3.8,6.6,12.2,13.6,14.2,18.2,21.2,24.2,22.8,26.8,30.6,26.4,19.8,21.4,19.2,21.8,20.6,33.4,34.6,34.6,26.6,Bahrain,Asia
Bangladesh,0,0,0,0,0,0,0,0,0,0,0,0,0,0,0,0,0,0,0,0,0,0,0,0,0,0,0,0,0,0,0,0,0,0,0,0,0,0,0,0,0,0,0,0,0,0,0,0.6,0.6,0.6,0.6,0.6,0,0,0.4,1,1.4,2.2,2.8,3,3.4,3.4,3.8,4.4,3.8,3.8,4.2,3,1.8,2,1.4,1.2,1.6,2.6,4.2,7.4,Bangladesh,Asia
Barbados,0,0,0,0,0,0,0,0,0,0,0,0,0,0,0,0,0,0,0,0,0,0,0,0,0,0,0,0,0,0,0,0,0,0,0,0,0,0,0,0,0,0,0,0,0,0,0,0,0,0,0,0,0,0,0,0,0.4,0.4,1,1,1.2,2.4,3,2.6,2.6,2.4,2,1.8,3,3,3.2,2,4,3.6,3.8,4.4,Barbados,North America
Belarus,0,0,0,0,0,0,0,0,0,0,0,0,0,0,0,0,0,0,0,0,0,0,0,0,0,0,0,0,0,0,0,0,0,0,0,0,0,0,0.2,0.2,0.2,0.2,0.2,1,1,1,1,1,0,0.6,0.6,1.2,4.2,4.2,3.6,5.4,4.8,4.8,4.8,8.4,8,8,6,6,3.4,2,3.6,2.6,2.6,13.2,13.2,13.8,42,51.4,57.6,82,Belarus,Europe
Belgium,0,0,0,0,0,0,0,0,0,0,0,0,0,0,0.2,0.2,0.2,0.2,0.2,0,0,0,0,0,0,0,0,0,0,0,0,0,0,0,0,0,0,0,0,0,0.2,1.4,2.4,4.4,9.8,21.4,32.2,37.4,43.2,43.4,41,29,71.8,90,123.8,148.8,185.8,185.4,221.2,274.2,351.4,431.6,451.4,494.8,536,684,776.6,1078.2,1313.4,1392.4,1308,1336,1242.8,1186.8,1306.4,1383.2,Belgium,Europe
Belize,0,0,0,0,0,0,0,0,0,0,0,0,0,0,0,0,0,0,0,0,0,0,0,0,0,0,0,0,0,0,0,0,0,0,0,0,0,0,0,0,0,0,0,0,0,0,0,0,0,0,0,0,0,0,0,0,0,0,0,0,0,0,0.2,0.2,0.4,0.4,0.4,0.2,0.2,0.2,0.2,0.2,0.2,0.4,0.2,0.4,Belize,North America
Benin,0,0,0,0,0,0,0,0,0,0,0,0,0,0,0,0,0,0,0,0,0,0,0,0,0,0,0,0,0,0,0,0,0,0,0,0,0,0,0,0,0,0,0,0,0,0,0,0,0,0,0,0,0,0,0,0.2,0.2,0.4,0.4,0.4,0.2,0.2,0.6,0.8,0.8,0.8,0.8,0.2,0,0,0.6,1.4,1.4,2,2,2.6,Benin,Africa
Bhutan,0,0,0,0,0,0,0,0,0,0,0,0,0,0,0,0,0,0,0,0,0,0,0,0,0,0,0,0,0,0,0,0,0,0,0,0,0,0,0,0,0,0,0,0,0,0.2,0.2,0.2,0.2,0.2,0,0,0,0,0,0,0,0,0,0.2,0.2,0.2,0.2,0.2,0,0,0.2,0.2,0.4,0.4,0.4,0.2,0.4,0.2,0.2,0.2,Bhutan,Asia
Bolivia,0,0,0,0,0,0,0,0,0,0,0,0,0,0,0,0,0,0,0,0,0,0,0,0,0,0,0,0,0,0,0,0,0,0,0,0,0,0,0,0,0,0,0,0,0,0,0,0,0,0,0.4,0.4,0.6,2,2,1.8,1.8,1.8,0.4,1,1.6,2.6,3,3.4,3.4,4.8,7.4,9.4,10.4,13,12.8,10.8,9.8,10.2,8.4,10,Bolivia,South America
Bosnia and Herzegovina,0,0,0,0,0,0,0,0,0,0,0,0,0,0,0,0,0,0,0,0,0,0,0,0,0,0,0,0,0,0,0,0,0,0,0,0,0,0,0,0,0,0,0,0,0.4,0.4,0.6,0.6,0.6,0.6,1,1.6,2,3,3.8,3.6,3,5,9,13,13.6,20,19.6,20.6,17.4,19.6,22.2,24.4,31.4,38.4,45.8,44.4,55,51.2,51.2,46.8,Bosnia and Herzegovina,Europe
Brazil,0,0,0,0,0,0,0,0,0,0,0,0,0,0,0,0,0,0,0,0,0,0,0,0,0,0,0,0,0,0,0,0,0,0,0,0,0.2,0.2,0.2,0.4,0.4,0.2,0.2,0.6,0.4,2.2,2.2,3.6,4.2,5.4,5,7.8,26.2,25.2,26.2,32.4,53.8,44.2,94,126.2,164.2,245,310.4,325.2,352.2,392.8,374.2,396,401.8,405,546.4,683.8,828,960,1156.2,1082.6,Brazil,South America
Brunei,0,0,0,0,0,0,0,0,0,0,0,0,0,0,0,0,0,0,0,0,0,0,0,0,0,0,0,0,0,0,0,0,0,0,0,0,0,0,0,0,0,0,0,0,0,0,0,0,0.2,0.2,2.2,2.2,7.4,7.8,9.8,8.6,9,6.2,7,5.6,5.8,6.4,4.6,5.8,6.2,6.2,5.4,5.8,4.4,3.6,3,3.2,2.6,1.6,1.6,1.2,Brunei,Asia
Bulgaria,0,0,0,0,0,0,0,0,0,0,0,0,0,0,0,0,0,0,0,0,0,0,0,0,0,0,0,0,0,0,0,0,0,0,0,0,0,0,0,0,0,0,0,0,0,0,0,0.8,0.8,0.8,1.4,1.4,3.8,7.4,9.4,9,12,13.8,10.6,15.2,22.2,24,21.8,24.8,23,20.2,21.2,26,25.6,23.4,27,25.8,25.2,27.8,28.8,26.4,Bulgaria,Europe
Burkina Faso,0,0,0,0,0,0,0,0,0,0,0,0,0,0,0,0,0,0,0,0,0,0,0,0,0,0,0,0,0,0,0,0,0,0,0,0,0,0,0,0,0,0,0,0,0,0,0,0,0,0.2,0.4,0.4,0.4,0.4,0.4,2.6,2.6,3.6,6.2,7.4,9.8,12,15.8,16.2,21.2,17.6,21,21.6,21.6,20,21.8,20.4,16.2,16,14.4,16.8,Burkina Faso,Africa
Burma,0,0,0,0,0,0,0,0,0,0,0,0,0,0,0,0,0,0,0,0,0,0,0,0,0,0,0,0,0,0,0,0,0,0,0,0,0,0,0,0,0,0,0,0,0,0,0,0,0,0,0,0,0,0,0,0,0,0,0,0,0,0,0,0,0,0,1.6,1.6,2,2.8,3,1.4,2.4,2,1.4,1.2,Burma,Asia
Cabo Verde,0,0,0,0,0,0,0,0,0,0,0,0,0,0,0,0,0,0,0,0,0,0,0,0,0,0,0,0,0,0,0,0,0,0,0,0,0,0,0,0,0,0,0,0,0,0,0,0,0,0,0,0,0,0,0,0,0,0,0,0.2,0.6,0.6,0.6,0.6,0.6,0.2,0.4,0.4,0.6,0.4,0.4,0.2,0.2,0,0.2,0.2,Cabo Verde,Africa
Cambodia,0,0,0,0,0,0,0.2,0.2,0.2,0.2,0.2,0,0,0,0,0,0,0,0,0,0,0,0,0,0,0,0,0,0,0,0,0,0,0,0,0,0,0,0,0,0,0,0,0,0,0,0,0.2,0.2,0.2,0.4,0.4,0.6,1,1,0.8,6,6,6,8.8,9.2,10.2,10.4,10.8,9,8.6,3,2.4,2.4,2.2,2.6,2,2.2,2.2,1.4,1,Cambodia,Asia
Cameroon,0,0,0,0,0,0,0,0,0,0,0,0,0,0,0,0,0,0,0,0,0,0,0,0,0,0,0,0,0,0,0,0,0,0,0,0,0,0,0,0,0,0,0,0,0,0.2,0.2,0.4,0.4,0.4,0.2,0.2,0,0,0,0.4,1.6,1.6,2.2,3.6,4.6,6,9.2,10.6,11,9.6,10.2,7,14.6,12.8,23.6,28.4,43,74,83.2,91.4,Cameroon,Africa
Canada,0,0,0,0,1,0.2,0.2,0.4,0.4,0.4,0.6000000000000001,0.6000000000000001,0.4,0.4,0.4,0.2,0.2,0.6,0.6,0.6,0.4,0.4,0,0,0,0,0,0.2,0.2,0.2,0.2,0.4,0.2,0.2,0.4,0.6000000000000001,0.4,0.8,1,1.9999999999999998,2.6000000000000005,3.2,3.4,3.8,3.4000000000000004,5.000000000000001,5.4,6.8,8.799999999999999,8.399999999999999,11.8,12.599999999999998,25.8,24.200000000000003,34.6,61.4,72.20000000000002,92.80000000000001,120.4,138.2,172.39999999999998,198.20000000000002,286.20000000000005,397.99999999999994,461.59999999999997,553,642.6000000000001,697.6,698,829.4,896.9999999999999,975.6,1141.6000000000001,1231.4,1116,1445.8,Canada,North America
Central African Republic,0,0,0,0,0,0,0,0,0,0,0,0,0,0,0,0,0,0,0,0,0,0,0,0,0,0,0,0,0,0,0,0,0,0,0,0,0,0,0,0,0,0,0,0,0,0,0,0,0,0,0,0,0,0,0.2,0.2,0.2,0.2,0.2,0.4,0.4,0.4,0.4,0.4,0,0,0,0,0,0,0,0,0,1,1,1,Central African Republic,Africa
Chad,0,0,0,0,0,0,0,0,0,0,0,0,0,0,0,0,0,0,0,0,0,0,0,0,0,0,0,0,0,0,0,0,0,0,0,0,0,0,0,0,0,0,0,0,0,0,0,0,0,0,0,0,0,0,0,0,0,0,0.2,0.2,0.2,0.2,0.2,0.4,0.4,0.4,0.4,0.4,0,0.4,0.8,0.8,1,1,0.8,0.4,Chad,Africa
Chile,0,0,0,0,0,0,0,0,0,0,0,0,0,0,0,0,0,0,0,0,0,0,0,0,0,0,0,0,0,0,0,0,0,0,0,0,0,0,0,0,0,0,0.2,0.2,0.8,0.8,0.8,1.4,1.4,1.8,3.8,3.8,7,10.6,12.2,26.4,35.6,39,35.4,72,76.4,86.2,101.6,136.8,141.6,153.8,195.6,232.6,243.4,261.4,286.4,284.2,299,319.6,342.4,346.6,Chile,South America
China,548,95,277,486,669,415,465.8,973.2,1033.4000000000003,1347,1545.3999999999999,1802.8,2224.1999999999994,2725.8,3113.2,3527.6000000000004,3739.2000000000007,3495.9999999999995,3419.5999999999995,3224.3999999999996,2982.799999999999,2759.8,2129.7999999999997,4616.2,5305.799999999999,5211.799999999998,5225.399999999999,5535,2863.2000000000003,1652.2,1332.7999999999997,1007.4,913.4,562.1999999999999,524.4000000000001,535.4,523.2,319.7999999999999,381.1999999999999,422.9999999999999,435.5999999999999,393.9999999999999,332.19999999999993,291.6,236.20000000000002,151.6,126.8,112.4,94.80000000000001,70,46.2,32.4,24.400000000000002,23.399999999999995,23.2,22.399999999999995,25.199999999999996,31.399999999999995,35.800000000000004,49.4,54.400000000000006,75.4,79.2,87,82.20000000000003,95.40000000000002,92.39999999999999,100.19999999999997,106.2,107.39999999999998,99.39999999999998,92.80000000000003,86.60000000000002,77.8,69.00000000000001,64.60000000000001,China,Asia
Colombia,0,0,0,0,0,0,0,0,0,0,0,0,0,0,0,0,0,0,0,0,0,0,0,0,0,0,0,0,0,0,0,0,0,0,0,0,0,0,0,0,0,0,0,0,0,0.2,0.2,0.2,0.2,0.6,1.6,1.6,2.4,4.2,6.2,9,11.2,16,16,18.8,28.4,33.2,36.8,55.2,68.4,59,61.6,66.2,64.8,65.6,83,105.2,110.6,113,121.6,115.8,Colombia,South America
Congo (Brazzaville),0,0,0,0,0,0,0,0,0,0,0,0,0,0,0,0,0,0,0,0,0,0,0,0,0,0,0,0,0,0,0,0,0,0,0,0,0,0,0,0,0,0,0,0,0,0,0,0,0,0,0,0,0,0,0.2,0.2,0.2,0.2,0.6,0.4,0.4,0.4,0.6,0.2,0.2,0.2,0.2,0,3,3,3,3,3.6,0.6,0.6,5.2,Congo (Brazzaville),Africa
Congo (Kinshasa),0,0,0,0,0,0,0,0,0,0,0,0,0,0,0,0,0,0,0,0,0,0,0,0,0,0,0,0,0,0,0,0,0,0,0,0,0,0,0,0,0,0,0,0,0,0,0,0,0,0,0.2,0.2,0.4,0.4,0.4,0.2,0.4,0.4,2.4,3.2,4.2,5.4,6.4,6.2,6,5.6,4.2,5.8,4,6.6,9.4,11.6,13.8,13.8,14.6,11.2,Congo (Kinshasa),Africa
Costa Rica,0,0,0,0,0,0,0,0,0,0,0,0,0,0,0,0,0,0,0,0,0,0,0,0,0,0,0,0,0,0,0,0,0,0,0,0,0,0,0,0,0,0,0,0,0,0.2,0.2,1,1.8,1.8,2.4,4.2,3.6,3.4,3.6,4.4,3.8,5.4,8.6,12.4,16.4,18.6,21.6,21.6,22.4,22.8,25.8,27.4,27.4,25.8,23.2,22.4,20.2,20.4,21,21.4,Costa Rica,North America
Cote d'Ivoire,0,0,0,0,0,0,0,0,0,0,0,0,0,0,0,0,0,0,0,0,0,0,0,0,0,0,0,0,0,0,0,0,0,0,0,0,0,0,0,0,0,0,0,0,0,0,0,0,0,0,0.2,0.2,0.2,0.2,0.2,0,0.8,1,1.6,1.6,2.6,1.8,3.8,12.8,14.2,16.4,17.4,15.2,18.4,17.6,16.6,17.8,18.6,10.6,15.4,16.4,Cote d'Ivoire,Africa
Croatia,0,0,0,0,0,0,0,0,0,0,0,0,0,0,0,0,0,0,0,0,0,0,0,0,0,0,0,0,0,0,0,0,0,0,0,0.2,0.6,0.6,1,1.2,1.2,0.8,1.2,1,0.8,0.8,1,0.6,0.4,0.8,1.6,1.4,4,5.2,7,7.6,9.2,9.8,13.4,15.8,29.8,37.8,46.8,55.4,62.8,57.8,66.4,68.4,66.2,69.6,74.4,75.4,70.8,73.2,67.2,63,Croatia,Europe
Cuba,0,0,0,0,0,0,0,0,0,0,0,0,0,0,0,0,0,0,0,0,0,0,0,0,0,0,0,0,0,0,0,0,0,0,0,0,0,0,0,0,0,0,0,0,0,0,0,0,0,0,0,0.6,0.8,0.8,0.8,0.8,0.4,0.6,1.4,2.4,3.4,6,6.6,7.4,8.2,9.2,9,15.8,18.2,22.6,23.8,26.4,22.8,26,23.6,26.8,Cuba,North America
Cyprus,0,0,0,0,0,0,0,0,0,0,0,0,0,0,0,0,0,0,0,0,0,0,0,0,0,0,0,0,0,0,0,0,0,0,0,0,0,0,0,0,0,0,0,0,0,0,0,0,0.4,0.6,1.2,1.2,2.8,4.8,4.6,5.4,8,7,8.2,8.2,10.2,9.8,13.4,11.4,13,12.4,13.4,12.6,18,19.6,23.2,31.6,35.4,36.4,39.2,36.8,Cyprus,Europe
Czechia,0,0,0,0,0,0,0,0,0,0,0,0,0,0,0,0,0,0,0,0,0,0,0,0,0,0,0,0,0,0,0,0,0,0,0,0,0,0,0,0,0.6,0.6,1,1.6,2.4,3,3.2,5.2,4.6,5.8,14.6,15,22,31.6,42.4,41.4,60.4,64.6,101,116,139.4,144.8,154.4,140,164.2,186,231.8,279,284.6,269.4,276.6,245.8,245.4,254.8,294.2,255.8,Czechia,Europe
Denmark,0,0,0,0,0,0,0,0,0,0,0,0,0,0,0,0,0,0,0,0,0,0,0,0,0,0,0,0,0,0,0,0,0,0,0,0,0,0.2,0.2,0.6,0.8,0.8,1,2,1.5999999999999999,4,4,6.2,16.2,50.6,84,118.60000000000001,153.39999999999998,148.8,122.2,97.80000000000001,81.60000000000001,62.400000000000006,77.8,92.4,97.4,97.8,91.19999999999999,98.6,105,120.60000000000001,137.2,158.79999999999998,169.20000000000002,178.6,203.2,218,241.4,276.4,302.8,304.40000000000003,Denmark,Europe
Diamond Princess,0,0,0,0,0,0,0,0,0,0,0,0,0,0,0,0,0,12.2,12.2,12.8,27,27,22.8,22.8,30.8,30,44,55.8,73.4,80.6,69.8,55.8,36,29.8,14,11.4,14.2,14.2,2.8,2.8,2.8,0,0.2,0.2,0.2,0.2,0.2,0,0,0,0,0,0,0,0,0,0,1.2,1.2,1.2,1.2,1.2,0,0,0,0,0,0,0,0,0,0,0,0,0,0,Diamond Princess,Other
Djibouti,0,0,0,0,0,0,0,0,0,0,0,0,0,0,0,0,0,0,0,0,0,0,0,0,0,0,0,0,0,0,0,0,0,0,0,0,0,0,0,0,0,0,0,0,0,0,0,0,0,0,0,0,0,0,0,0,0,0.2,0.2,0.2,0.2,0.2,0.4,0.4,2,2,2.2,2.2,3,1.4,3.8,4.2,5.2,6.2,6.4,5.8,Djibouti,Africa
Dominica,0,0,0,0,0,0,0,0,0,0,0,0,0,0,0,0,0,0,0,0,0,0,0,0,0,0,0,0,0,0,0,0,0,0,0,0,0,0,0,0,0,0,0,0,0,0,0,0,0,0,0,0,0,0,0,0,0,0,0,0,0,0.2,0.4,0.4,1.4,2.2,2,1.8,1.8,0.8,0.2,0.2,0.2,0.2,0.6,0.4,Dominica,North America
Dominican Republic,0,0,0,0,0,0,0,0,0,0,0,0,0,0,0,0,0,0,0,0,0,0,0,0,0,0,0,0,0,0,0,0,0,0,0,0,0,0,0,0,0.2,0.2,0.2,0.2,0.2,0.2,0.2,0.8,0.8,0.8,0.6,0.6,0,1.2,1.2,1.2,3.2,3.2,4.6,12.2,20.2,36.2,44.8,55.6,64,75.2,75.8,94.8,109.4,101.8,124.2,140.6,132.2,125.8,117.4,127.2,Dominican Republic,North America
Ecuador,0,0,0,0,0,0,0,0,0,0,0,0,0,0,0,0,0,0,0,0,0,0,0,0,0,0,0,0,0,0,0,0,0,0,0,0,0,0,0,0,1.2,1.2,1.4,2,2.6,1.4,1.4,1.4,1,0.4,0.8,0.8,0.6,2.6,2.6,4,8.2,18.8,34.2,67.8,93.8,146.2,174,176.6,161.2,179.4,161.2,168.4,168.4,157.8,167.4,230.6,268,288.8,300.6,281.2,Ecuador,South America
Egypt,0,0,0,0,0,0,0,0,0,0,0,0,0,0,0,0,0,0,0,0,0,0,0,0,0.2,0.2,0.2,0.2,0.2,0,0,0,0,0,0,0,0,0,0,0,0.2,0.2,0.2,0.2,0.4,2.6,2.6,9.4,10.6,11.2,9,10.4,6.2,10.8,10.2,18,25.8,23.2,29.4,35,28.8,26.2,34,29.2,34.2,40.2,41.8,42,41.4,40,43,48.6,57.8,75.2,82.8,92.6,Egypt,Africa
El Salvador,0,0,0,0,0,0,0,0,0,0,0,0,0,0,0,0,0,0,0,0,0,0,0,0,0,0,0,0,0,0,0,0,0,0,0,0,0,0,0,0,0,0,0,0,0,0,0,0,0,0,0,0,0,0,0,0,0,0,0.2,0.2,0.6,0.6,0.6,0.8,1.6,2,2,3.2,3.8,4.2,3.8,3.8,4.4,4.4,5.2,6,El Salvador,North America
Equatorial Guinea,0,0,0,0,0,0,0,0,0,0,0,0,0,0,0,0,0,0,0,0,0,0,0,0,0,0,0,0,0,0,0,0,0,0,0,0,0,0,0,0,0,0,0,0,0,0,0,0,0,0,0,0,0,0,0.2,0.2,0.2,0.8,1.2,1,1,1,1,0.6,0.6,1.2,1.2,0.6,0.6,0.6,0,0.6,0.6,0.8,0.8,0.8,Equatorial Guinea,Africa
Eritrea,0,0,0,0,0,0,0,0,0,0,0,0,0,0,0,0,0,0,0,0,0,0,0,0,0,0,0,0,0,0,0,0,0,0,0,0,0,0,0,0,0,0,0,0,0,0,0,0,0,0,0,0,0,0,0,0,0,0,0,0,0.2,0.2,0.2,0.2,0.8,1,1,1,2.2,1.6,1.8,1.8,3.2,2,3.4,2.8,Eritrea,Africa
Estonia,0,0,0,0,0,0,0,0,0,0,0,0,0,0,0,0,0,0,0,0,0,0,0,0,0,0,0,0,0,0,0,0,0,0,0,0,0,0.2,0.2,0.2,0.2,0.2,0.2,0.2,0.4,1.8,1.8,1.6,1.6,1.8,1.2,1.2,13.8,21,31.8,37.8,41.8,35.8,30.4,22.4,20.2,20.2,18.8,20.4,24.2,46.4,49.8,58.6,62,62.2,41.4,40.8,42.6,56.4,64.8,70.4,Estonia,Europe
Eswatini,0,0,0,0,0,0,0,0,0,0,0,0,0,0,0,0,0,0,0,0,0,0,0,0,0,0,0,0,0,0,0,0,0,0,0,0,0,0,0,0,0,0,0,0,0,0,0,0,0,0,0,0,0,0.2,0.2,0.2,0.2,0.2,0,0,0,0.6,0.6,0.6,0.6,1,1,1,1,1,0.6,0,0,0,0,0,Eswatini,Africa
Ethiopia,0,0,0,0,0,0,0,0,0,0,0,0,0,0,0,0,0,0,0,0,0,0,0,0,0,0,0,0,0,0,0,0,0,0,0,0,0,0,0,0,0,0,0,0,0,0,0,0,0,0,0,0,0.2,0.2,0.2,1,1,1,1,1.6,0.8,1.2,1,1.2,0.6,0.6,1,1,1.8,2.2,2.8,2.6,2.6,2.8,3,3.4,Ethiopia,Africa
Fiji,0,0,0,0,0,0,0,0,0,0,0,0,0,0,0,0,0,0,0,0,0,0,0,0,0,0,0,0,0,0,0,0,0,0,0,0,0,0,0,0,0,0,0,0,0,0,0,0,0,0,0,0,0,0,0,0,0,0,0.2,0.2,0.2,0.4,0.6,0.6,0.8,0.8,0.6,0.4,0.2,0,0,0,0.4,0.4,1.4,1.4,Fiji,Oceania
Finland,0,0,0,0,0,0,0,0,0.2,0.2,0.2,0.2,0.2,0,0,0,0,0,0,0,0,0,0,0,0,0,0,0,0,0,0,0,0,0,0,0,0.2,0.2,0.2,0.4,1,0.8,0.8,0.8,1.8,1.8,1.8,3.4,4.8,5.6,8.8,8.8,26.4,39,40.8,43.6,52.4,36.2,35,41.2,49.2,61,72.8,78.4,86,87,83,93.4,89.6,94.4,92,81,70.2,75,106,101.8,Finland,Europe
France,0,0,2,1,0,0.6,0.6,0.8,0.6,0.4,0.4,0.6,0.4,0.2,0.2,0.2,0,0,1,1,1,1,1,0,0,0.2,0.2,0.2,0.2,0.2,0,0,0,0,0,0.4,1.2,5.2,9,17.6,23.2,34.6,33.2,46.2,56,105.19999999999999,153.6,186.4,186.20000000000002,282.79999999999995,327.40000000000003,266.79999999999995,509,655.4,547.6,878,1084.4,1088.6000000000001,1294.8000000000002,1645.1999999999998,1556,1705.6000000000001,2199.7999999999997,2330.4,2568.3999999999996,3017.6,3431.7999999999997,3596.4,3617.2,3914,4655.200000000001,4869.4,4364.8,4898.8,9135.6,8189.2,France,Europe
Gabon,0,0,0,0,0,0,0,0,0,0,0,0,0,0,0,0,0,0,0,0,0,0,0,0,0,0,0,0,0,0,0,0,0,0,0,0,0,0,0,0,0,0,0,0,0,0,0,0,0,0,0,0,0,0.2,0.2,0.2,0.2,0.2,0,0.4,0.6,0.8,0.8,1,0.6,0.6,0.4,0.4,0.2,0.2,1.8,2.2,2.8,2.8,2.8,1,Gabon,Africa
Gambia,0,0,0,0,0,0,0,0,0,0,0,0,0,0,0,0,0,0,0,0,0,0,0,0,0,0,0,0,0,0,0,0,0,0,0,0,0,0,0,0,0,0,0,0,0,0,0,0,0,0,0,0,0,0,0,0,0.2,0.2,0.2,0.2,0.2,0,0.2,0.4,0.4,0.4,0.4,0.2,0.2,0.2,0.2,0.2,0.2,0,0,0,Gambia,Africa
Georgia,0,0,0,0,0,0,0,0,0,0,0,0,0,0,0,0,0,0,0,0,0,0,0,0,0,0,0,0,0,0,0,0,0,0,0,0,0.2,0.2,0.2,0.2,0.6,0.4,0.4,0.4,0.6,0.2,0.2,2,2.4,2.2,4,4,2.4,3,3.6,1.8,2,2.6,2,2,3.2,4,4.6,6,6.4,6,5.8,5.8,4.2,5.6,6.2,6.8,8.8,12.8,11.8,12.8,Georgia,Asia
Germany,0,0,0,0,0,0,0.2,0.8,0.8,0.8,1,1.4,1.2,1.6,1.6,1.4,0.8,0.6,0.2,0.4,0.4,0.8,0.6,0.6,0.4,0.4,0,0,0,0,0,0,0,0,0,0.2,2.2,6,6.4,12.6,22.6,26.4,30,42.8,80.6,108,128,168.8,182.8,195,247.6,255.8,527,681.8,867.6,1072.8,1435.8,1730.4,2147,2810.6,2988.2,3123.2,3345.8,3533.2,3495,4345,5199.6,5727.8,5821.8,5912.4,5574,5400.2,5419.8,5812.8,5841.4,5663,Germany,Europe
Ghana,0,0,0,0,0,0,0,0,0,0,0,0,0,0,0,0,0,0,0,0,0,0,0,0,0,0,0,0,0,0,0,0,0,0,0,0,0,0,0,0,0,0,0,0,0,0,0,0,0,0,0,0,0,0.6,1.2,1.2,1.4,1.4,1.6,2,2.6,3.2,4,8.4,15.4,22.6,22.8,22.8,19.8,11.8,5.8,11.6,12.6,10.6,10.6,10.6,Ghana,Africa
Greece,0,0,0,0,0,0,0,0,0,0,0,0,0,0,0,0,0,0,0,0,0,0,0,0,0,0,0,0,0,0,0,0,0,0,0,0,0.2,0.6,0.8,0.8,1.4,1.2,0.8,1,5.4,7.6,7.8,13.2,12.8,11.6,10.8,10.6,23.4,31,48.4,46.4,57.6,45.6,38,32.8,39.8,47.4,55.4,65,65.2,72.4,68.4,73.2,82.6,78.2,84.4,89.8,96.6,91.4,92.2,84.2,Greece,Europe
Grenada,0,0,0,0,0,0,0,0,0,0,0,0,0,0,0,0,0,0,0,0,0,0,0,0,0,0,0,0,0,0,0,0,0,0,0,0,0,0,0,0,0,0,0,0,0,0,0,0,0,0,0,0,0,0,0,0,0,0,0,0,0,0.2,0.2,0.2,0.2,1.4,1.2,1.2,1.6,1.6,0.4,0.4,0.6,0.6,0.6,0.6,Grenada,North America
Guatemala,0,0,0,0,0,0,0,0,0,0,0,0,0,0,0,0,0,0,0,0,0,0,0,0,0,0,0,0,0,0,0,0,0,0,0,0,0,0,0,0,0,0,0,0,0,0,0,0,0,0,0,0,0,0.2,0.2,0.4,1.2,1.2,1.6,2.2,3,2.6,2.8,2.4,2.4,1.6,1.8,2.8,2.6,2.4,2.6,2.2,2.6,3.2,5,4.6,Guatemala,North America
Guinea,0,0,0,0,0,0,0,0,0,0,0,0,0,0,0,0,0,0,0,0,0,0,0,0,0,0,0,0,0,0,0,0,0,0,0,0,0,0,0,0,0,0,0,0,0,0,0,0,0,0,0,0,0.2,0.2,0.2,0.2,0.2,0,0,0,0.2,0.2,0.6,0.6,0.6,0.4,1.2,0.8,2.4,3.6,3.6,4.4,8.8,11.4,17.8,19.8,Guinea,Africa
Guinea-Bissau,0,0,0,0,0,0,0,0,0,0,0,0,0,0,0,0,0,0,0,0,0,0,0,0,0,0,0,0,0,0,0,0,0,0,0,0,0,0,0,0,0,0,0,0,0,0,0,0,0,0,0,0,0,0,0,0,0,0,0,0,0,0,0,0,0.4,0.4,0.4,0.4,0.4,1.2,1.2,1.4,1.4,2.6,2,2,Guinea-Bissau,Africa
Guyana,0,0,0,0,0,0,0,0,0,0,0,0,0,0,0,0,0,0,0,0,0,0,0,0,0,0,0,0,0,0,0,0,0,0,0,0,0,0,0,0,0,0,0,0,0,0,0,0,0,0,0,0.2,0.2,0.2,0.8,0.8,1.2,1.2,1.2,0.6,0.6,2.4,2.6,-0.4,-0.4,-0.4,-2.8,-2.4,0.6,0.6,1.4,2.8,2.2,3,3,2.4,Guyana,South America
Haiti,0,0,0,0,0,0,0,0,0,0,0,0,0,0,0,0,0,0,0,0,0,0,0,0,0,0,0,0,0,0,0,0,0,0,0,0,0,0,0,0,0,0,0,0,0,0,0,0,0,0,0,0,0,0,0,0,0,0,0,0.4,0.4,0.4,1.2,1.4,1.2,1.2,1.2,0.4,1.6,1.4,1.4,1.6,1.6,0.6,1,1.2,Haiti,North America
Holy See,0,0,0,0,0,0,0,0,0,0,0,0,0,0,0,0,0,0,0,0,0,0,0,0,0,0,0,0,0,0,0,0,0,0,0,0,0,0,0,0,0,0,0,0,0,0.2,0.2,0.2,0.2,0.2,0,0,0,0,0,0,0,0,0,0,0,0,0,0.6,0.6,0.6,0.6,1,0.4,0.4,0.4,0.4,0.2,0.2,0.2,0.2,Holy See,Europe
Honduras,0,0,0,0,0,0,0,0,0,0,0,0,0,0,0,0,0,0,0,0,0,0,0,0,0,0,0,0,0,0,0,0,0,0,0,0,0,0,0,0,0,0,0,0,0,0,0,0,0,0,0.4,0.4,0.4,0.4,0.6,0.8,1.2,1.4,2,4.2,3.6,3.6,4.2,3.6,2.4,5.6,8.4,13,16,20.6,17.8,20.8,24.8,22.4,25,25.4,Honduras,North America
Hungary,0,0,0,0,0,0,0,0,0,0,0,0,0,0,0,0,0,0,0,0,0,0,0,0,0,0,0,0,0,0,0,0,0,0,0,0,0,0,0,0,0,0,0,0.4,0.4,0.4,0.8,1.4,1.4,1.4,2.2,1.8,2.4,4.2,4.6,5.2,7.4,7.8,8.6,10.6,12.8,16.2,21.8,22.8,28.2,31.6,33.8,35.2,44.2,44.2,46.2,45,48.4,43,46.2,48.2,Hungary,Europe
Iceland,0,0,0,0,0,0,0,0,0,0,0,0,0,0,0,0,0,0,0,0,0,0,0,0,0,0,0,0,0,0,0,0,0,0,0,0,0,0,0.2,0.2,0.6,1.2,2.2,5,6.6,8,8.8,7.8,6.4,7,8.4,10.6,16.8,19.6,20.4,19,23.4,23.2,34.8,47.6,58.6,69.6,67.6,63.6,65.6,65.8,64.4,75,74.4,69.8,66.6,66,71.2,68.8,66.2,70.2,Iceland,Europe
India,0,0,0,0,0,0,0,0,0,0.2,0.2,0.2,0.4,0.6,0.4,0.4,0.4,0.2,0,0,0,0,0,0,0,0,0,0,0,0,0,0,0,0,0,0,0,0,0,0,0,0.4,0.4,5,5.4,5.6,5.8,6.8,3,5.2,6.2,7.8,8.6,11.8,11.4,11.4,13.8,14.8,18.4,26.2,42.2,50.8,68.6,68.4,82.6,79.4,98.2,97.6,97.6,118.8,134,222.2,311.2,308.6,366.2,438.2,India,Asia
Indonesia,0,0,0,0,0,0,0,0,0,0,0,0,0,0,0,0,0,0,0,0,0,0,0,0,0,0,0,0,0,0,0,0,0,0,0,0,0,0,0,0,0,0.4,0.4,0.4,0.4,0.8,0.4,0.8,3.4,5,6,6,12.6,15.4,18,20,27.6,31.6,43,50.4,63.2,68.4,70.4,75,84.2,88.6,106.4,115.2,119.8,124.8,127,126.2,127,140.2,135.6,149,Indonesia,Asia
Iran,0,0,0,0,0,0,0,0,0,0,0,0,0,0,0,0,0,0,0,0,0,0,0,0,0,0,0,0,0,0.4,1,3.6,5.6,8.6,11.8,18,24.2,43.4,69,106.4,176.6,272.4,418.2,506.8,584,753.8,864.4,846,847.8,905.8,850.6,850.4,959.6,1113.6,1179.2,1198.2,1218.8,1199.4,1135.6,1141.2,1123.8,1093.8,1137.6,1280.8,1474.6,1759.2,2138.8,2471.8,2699.6,2895.6,3039.8,3052.2,3012,2974.8,2849.6,2724.2,Iran,Asia
Iraq,0,0,0,0,0,0,0,0,0,0,0,0,0,0,0,0,0,0,0,0,0,0,0,0,0,0,0,0,0,0,0,0,0,0,0.2,0.2,1,1.4,1.4,2.4,3.6,4.2,5,5.6,4.4,4.2,5.6,5.6,5,7.2,6.2,3.4,8.2,10,9,10.6,16.6,12.6,16.4,18.4,18,15.8,20.4,24.8,27.6,33.6,45,48,46.2,56.8,62.4,54,53.2,54.6,49.6,53.4,Iraq,Asia
Ireland,0,0,0,0,0,0,0,0,0,0,0,0,0,0,0,0,0,0,0,0,0,0,0,0,0,0,0,0,0,0,0,0,0,0,0,0,0,0,0,0.2,0.2,0.2,0.4,1.2,1,3.4,3.4,3.4,3,5.6,5,5,14.2,21.6,19,25.2,36,40.4,85.6,110.8,123.2,136.6,166.6,154.4,176.2,206.8,243,258,257.2,269.2,283.2,265.2,286.8,331.6,338.8,351.8,Ireland,Europe
Israel,0,0,0,0,0,0,0,0,0,0,0,0,0,0,0,0,0,0,0,0,0,0,0,0,0,0,0,0,0,0,0,0.2,0.2,0.2,0.2,0.2,0.2,0.4,0.6,1.2,1.8,1.6,1.8,2.2,2.6,5.4,6.6,9.8,9.2,11,8.4,11.4,13,18.8,27.6,27.8,30,35.6,54.4,63.2,98.8,126.6,153.4,162.2,368,396.2,430.4,509.6,601.8,465.2,533,611.4,647.6,636.2,631.2,614.4,Israel,Asia
Italy,0,0,0,0,0,0,0,0,0,0,0.4,0.4,0.4,0.4,0.4,0,0,0.2,0.2,0.2,0.2,0.2,0,0,0,0,0,0,0,0,0,3.4,11.8,30.4,45.2,63.8,86.6,118.6,146.6,179.8,274.4,316.6,369.4,440.2,546,588.4,769.4,974.6,1216.6,1258.2,1565.2,1315.8,2057,2397,2919.6,3103.6,3808.8,3610.6,3975.6,4454.8,5119.6,5526.4,5642.8,5628.2,5473,5402.2,5472,5709,5702.6,5470.6,5040.6,4815.2,4554,4427.6,4578.6,4631.2,Italy,Europe
Jamaica,0,0,0,0,0,0,0,0,0,0,0,0,0,0,0,0,0,0,0,0,0,0,0,0,0,0,0,0,0,0,0,0,0,0,0,0,0,0,0,0,0,0,0,0,0,0,0,0,0,0,0.2,0.4,1.6,1.6,2,1.8,2,1,1.4,1.2,1.2,1.4,1.2,1.2,2,2,1.4,2.2,2.2,2,2,3.6,3.4,3,3.4,4.4,Jamaica,North America
Japan,2,0,0,0,2,0.8,0.4,1,1,1.8,2.2,3.2,2.6,2.6,2.2,1.4,0.4,1,1,0.8,0.8,0.8,0.6,0.6,0.6,3.4,6.6,7.6,9.2,11,10.2,9.2,11.2,14.6,15,15.2,16.8,18.4,16.2,16.4,17.2,17,15.8,20.6,23.8,32.8,37.4,41.8,36,44.2,43.8,35.6,39.8,52.4,51.6,40,47.8,37.6,30.2,24.8,33.6,44.6,47.8,53.8,68.8,76,73.4,113,134.6,111.8,113.2,142,160.4,150.2,254.6,237.2,Japan,Asia
Jordan,0,0,0,0,0,0,0,0,0,0,0,0,0,0,0,0,0,0,0,0,0,0,0,0,0,0,0,0,0,0,0,0,0,0,0,0,0,0,0,0,0,0,0.2,0.2,0.2,0.2,0.2,0,0,0,0,0,0,0,1.4,3.2,6.6,10.2,13.6,15.4,13.6,15.6,15,17,17.4,25.4,24.6,23.8,21,19.2,12.4,8.6,10.6,10.2,11,14.2,Jordan,Asia
Kazakhstan,0,0,0,0,0,0,0,0,0,0,0,0,0,0,0,0,0,0,0,0,0,0,0,0,0,0,0,0,0,0,0,0,0,0,0,0,0,0,0,0,0,0,0,0,0,0,0,0,0,0,0,0,0.8,1.2,1.8,2,6.6,6.2,7.6,8,8.6,5.4,5.4,5.6,6.4,11.6,18,33.2,42.4,44.2,46.4,46,41.4,36,45.8,48.2,Kazakhstan,Asia
Kenya,0,0,0,0,0,0,0,0,0,0,0,0,0,0,0,0,0,0,0,0,0,0,0,0,0,0,0,0,0,0,0,0,0,0,0,0,0,0,0,0,0,0,0,0,0,0,0,0,0,0,0,0,0.2,0.2,0.6,0.6,0.6,0.4,1.2,0.8,0.8,2.4,2.6,3.6,4.2,4.8,3.2,4.4,3.4,4.4,5.6,10,14.4,16,15.2,16.6,Kenya,Africa
"Korea, South",1,0,1,0,1,0.6,0.6,0.6,0.4,0.4,1.6,1.6,2.2,2.2,2.4,1.6,2.2,1.8,1.8,1.8,1.6,1,0.8,0.8,0.6,0.2,0.2,0.4,0.6,0.6,15.2,35,80.6,114.2,160.4,174.6,211.4,266.6,347,463.4,551.8,614.8,684,656.8,587.6,571.4,541.2,425.6,371.4,285,232.4,165.6,133,121.6,129.8,96.2,90.2,86.8,95.8,98,112.6,128.2,109.6,94.4,97,88.4,74.2,103.4,109.2,104.8,109,111,99.6,95.8,99,90.2,"Korea, South",Asia
Kosovo,0,0,0,0,0,0,0,0,0,0,0,0,0,0,0,0,0,0,0,0,0,0,0,0,0,0,0,0,0,0,0,0,0,0,0,0,0,0,0,0,0,0,0,0,0,0,0,0,0,0,0,0,0,0,0,0,0,0,0,0,0,0,0,0,0,14.2,17.2,18.2,18.8,18.8,8.2,7.8,6.8,6.4,8.2,6.6,Kosovo,Europe
Kuwait,0,0,0,0,0,0,0,0,0,0,0,0,0,0,0,0,0,0,0,0,0,0,0,0,0,0,0,0,0,0,0,0,0,0,0.2,2.2,5.2,8.6,9,8.8,6.8,6,2.6,2.2,2.6,2.6,1,1.6,1.6,2.2,2.8,3.8,3.2,8,8.6,10.2,10,12.4,8.8,9.4,10.6,11.6,9.4,8.6,7.2,6.4,7.4,9.2,12.8,14.2,16.2,18.4,21.4,32.4,42.6,53.4,Kuwait,Asia
Kyrgyzstan,0,0,0,0,0,0,0,0,0,0,0,0,0,0,0,0,0,0,0,0,0,0,0,0,0,0,0,0,0,0,0,0,0,0,0,0,0,0,0,0,0,0,0,0,0,0,0,0,0,0,0,0,0,0,0,0,0,0.6,0.6,1.2,2.8,2.8,2.6,7.8,7.6,6,8.8,8.4,8.4,10,12.6,10.6,11.6,9.2,10,8,Kyrgyzstan,Asia
Laos,0,0,0,0,0,0,0,0,0,0,0,0,0,0,0,0,0,0,0,0,0,0,0,0,0,0,0,0,0,0,0,0,0,0,0,0,0,0,0,0,0,0,0,0,0,0,0,0,0,0,0,0,0,0,0,0,0,0,0,0,0,0,0,0.4,0.6,1.2,1.2,1.6,1.2,1,0.6,0.8,0.4,0.4,0.4,0.4,Laos,Asia
Latvia,0,0,0,0,0,0,0,0,0,0,0,0,0,0,0,0,0,0,0,0,0,0,0,0,0,0,0,0,0,0,0,0,0,0,0,0,0,0,0,0,0,0.2,0.2,0.2,0.2,0.2,0,0.2,1,1.4,1.8,1.8,3,4,4.4,4.8,7.8,10.8,12,16.2,18,18,21.8,22.2,22,24,28.2,25,30,31,30.8,33.2,30.6,29.2,26.6,27,Latvia,Europe
Lebanon,0,0,0,0,0,0,0,0,0,0,0,0,0,0,0,0,0,0,0,0,0,0,0,0,0,0,0,0,0,0,0,0.2,0.2,0.2,0.2,0.2,0.2,0.2,0.2,0.6,1.8,2.2,2.2,2.2,2.4,2.4,1.8,3.8,3.8,5,7.8,7.8,9,12.2,13.8,9.8,11.8,11.2,12.8,10.6,15.4,25.6,26.8,32.2,34,36.2,28.6,29,24,22.6,20.4,17.6,16.4,14,14.8,11.4,Lebanon,Asia
Liberia,0,0,0,0,0,0,0,0,0,0,0,0,0,0,0,0,0,0,0,0,0,0,0,0,0,0,0,0,0,0,0,0,0,0,0,0,0,0,0,0,0,0,0,0,0,0,0,0,0,0,0,0,0,0,0,0.2,0.2,0.4,0.4,0.4,0.4,0.4,0.2,0.2,0.2,0,0,0,0,0,0,0.6,0.6,0.8,1.4,2,Liberia,Africa
Libya,0,0,0,0,0,0,0,0,0,0,0,0,0,0,0,0,0,0,0,0,0,0,0,0,0,0,0,0,0,0,0,0,0,0,0,0,0,0,0,0,0,0,0,0,0,0,0,0,0,0,0,0,0,0,0,0,0,0,0,0,0,0,0,0.2,0.2,0.2,0.2,0.6,1.4,1.4,1.8,1.8,1.6,0.6,2,1.6,Libya,Africa
Liechtenstein,0,0,0,0,0,0,0,0,0,0,0,0,0,0,0,0,0,0,0,0,0,0,0,0,0,0,0,0,0,0,0,0,0,0,0,0,0,0,0,0,0,0,0,0.2,0.2,0.2,0.2,0.2,0,0,0,0,0,0.6,0.6,0.6,1.2,5.4,4.8,4.8,6.6,6,4.6,4.6,4.6,3.8,3.8,1,1,2.2,2.4,2.4,3.8,3.8,3,1.8,Liechtenstein,Europe
Lithuania,0,0,0,0,0,0,0,0,0,0,0,0,0,0,0,0,0,0,0,0,0,0,0,0,0,0,0,0,0,0,0,0,0,0,0,0,0,0,0.2,0.2,0.2,0.2,0.2,0,0,0,0,0,0,0,0.4,0.4,1,1.4,2.2,2.8,4.4,4.2,5.6,7.4,13.2,23.6,30.4,34.6,45,43.2,43,43,50.2,43.4,47.6,44.6,51,47.2,56,54.8,Lithuania,Europe
Luxembourg,0,0,0,0,0,0,0,0,0,0,0,0,0,0,0,0,0,0,0,0,0,0,0,0,0,0,0,0,0,0,0,0,0,0,0,0,0,0,0,0.2,0.2,0.2,0.2,0.2,0,0.2,0.2,0.4,0.4,0.8,1,3.4,6.2,9.6,10.8,14,24.2,33.8,56.8,85,118.6,131.6,134.4,152.8,169.8,156.6,161.4,191.2,170.2,131,145,142.8,131.2,132.4,148.2,125.2,Luxembourg,Europe
Madagascar,0,0,0,0,0,0,0,0,0,0,0,0,0,0,0,0,0,0,0,0,0,0,0,0,0,0,0,0,0,0,0,0,0,0,0,0,0,0,0,0,0,0,0,0,0,0,0,0,0,0,0,0,0,0,0,0,0,0,0,0.6,0.6,0.6,2.4,3.4,3.2,4,4.6,2.8,4.4,4.8,6.8,6.2,6.6,6.2,5.4,3,Madagascar,Africa
Malaysia,0,0,0,3,1,0.8,0.8,0.8,1.4,1,0.8,0.8,0.8,0.2,0.4,0.8,0.8,0.8,1.6,1.2,1.2,1.2,1.2,0.6,0.6,0.8,0.8,0.8,0.6,0.6,0,0,0,0,0,0,0,0.2,0.2,0.6,1.4,1.4,2.6,5.4,5,10.8,12.8,12.6,13.4,15.8,13.2,11.2,19.6,24.2,59.8,83.4,104.8,118.6,132.4,120.4,123.4,126.6,145.6,144.8,153.2,169.6,171,160.4,169.2,166,147,149.4,159.2,172.6,171.4,179.2,Malaysia,Asia
Maldives,0,0,0,0,0,0,0,0,0,0,0,0,0,0,0,0,0,0,0,0,0,0,0,0,0,0,0,0,0,0,0,0,0,0,0,0,0,0,0,0,0,0,0,0,0,0,0,0.8,0.8,1.2,1.6,1.6,1,1.2,1.4,1,1,0.8,0.6,0,0,0,0,0,0,0,0.6,0.6,0.8,0.8,1,0.6,0.6,0.4,0.4,0.2,Maldives,Asia
Mali,0,0,0,0,0,0,0,0,0,0,0,0,0,0,0,0,0,0,0,0,0,0,0,0,0,0,0,0,0,0,0,0,0,0,0,0,0,0,0,0,0,0,0,0,0,0,0,0,0,0,0,0,0,0,0,0,0,0,0,0,0,0,0,0,0.4,0.8,2.2,3.6,3.6,4.6,4.8,4,3.6,4.2,3.2,3.4,Mali,Africa
Malta,0,0,0,0,0,0,0,0,0,0,0,0,0,0,0,0,0,0,0,0,0,0,0,0,0,0,0,0,0,0,0,0,0,0,0,0,0,0,0,0,0,0,0,0,0,0,0.6,0.6,0.6,1,1.2,0.6,1.8,3,3.2,4.8,6.4,5.2,7,8.6,8.6,10.4,13.8,11.4,13,12.2,9.8,8.4,8.2,5.4,7,9.8,9.4,10.2,11.4,11.6,Malta,Europe
Mauritania,0,0,0,0,0,0,0,0,0,0,0,0,0,0,0,0,0,0,0,0,0,0,0,0,0,0,0,0,0,0,0,0,0,0,0,0,0,0,0,0,0,0,0,0,0,0,0,0,0,0,0,0,0,0.2,0.2,0.2,0.2,0.2,0.2,0.2,0.2,0.2,0.2,0,0,0.2,0.2,0.6,0.6,0.6,0.6,0.6,0.2,0.2,0.2,0,Mauritania,Africa
Mauritius,0,0,0,0,0,0,0,0,0,0,0,0,0,0,0,0,0,0,0,0,0,0,0,0,0,0,0,0,0,0,0,0,0,0,0,0,0,0,0,0,0,0,0,0,0,0,0,0,0,0,0,0,0,0,0,0,0,0.6,0.6,2.4,2.8,5.6,6.6,7.8,7.2,13.4,13.2,13.2,13,16,12.4,13.4,13.4,15.8,13.6,16.8,Mauritius,Africa
Mexico,0,0,0,0,0,0,0,0,0,0,0,0,0,0,0,0,0,0,0,0,0,0,0,0,0,0,0,0,0,0,0,0,0,0,0,0,0,0,0.2,0.8,1,1,1,0.8,0.2,0.2,0.2,0.4,0.4,0.4,0.4,1.2,1,3.8,6.8,9,14,16.2,18.4,24.6,30,33.8,44.6,49.8,48.2,54.4,66.8,80.2,96.2,117.6,123.8,126,132.2,132.4,139,159.2,Mexico,North America
Moldova,0,0,0,0,0,0,0,0,0,0,0,0,0,0,0,0,0,0,0,0,0,0,0,0,0,0,0,0,0,0,0,0,0,0,0,0,0,0,0,0,0,0,0,0,0,0,0,0.2,0.2,0.6,0.6,0.6,1,2.2,4,4,5.4,4.8,7.4,8.6,11.4,12.8,15.8,15.2,16.6,19.4,21,24.4,27.6,29.8,35.2,44.8,54.8,65.6,90.8,102.2,Moldova,Europe
Monaco,0,0,0,0,0,0,0,0,0,0,0,0,0,0,0,0,0,0,0,0,0,0,0,0,0,0,0,0,0,0,0,0,0,0,0,0,0,0,0,0.2,0.2,0.2,0.2,0.2,0,0,0,0,0,0,0,0.2,0.2,0.2,0.2,1.2,1,1,1,1.8,0.8,3.2,3.2,3.2,4,4.4,3.8,3.8,4.6,3.6,3.8,2.6,3.6,3.6,3.4,4.2,Monaco,Europe
Mongolia,0,0,0,0,0,0,0,0,0,0,0,0,0,0,0,0,0,0,0,0,0,0,0,0,0,0,0,0,0,0,0,0,0,0,0,0,0,0,0,0,0,0,0,0,0,0,0,0,0,0.2,0.2,0.2,0.2,0.2,0,0,0.8,1,1,1,1.8,1,0.8,0.8,0.8,0.2,0.2,0.4,0.4,0.4,0.2,0.6,0.4,0.4,0.4,0.4,Mongolia,Asia
Montenegro,0,0,0,0,0,0,0,0,0,0,0,0,0,0,0,0,0,0,0,0,0,0,0,0,0,0,0,0,0,0,0,0,0,0,0,0,0,0,0,0,0,0,0,0,0,0,0,0,0,0,0,0,0,0,0,0,0.4,0.4,0.6,2.8,2.8,3.8,5,8.8,7.6,11,12.2,11.4,7.6,7.8,8,8.2,12,17.8,22,21,Montenegro,Europe
Morocco,0,0,0,0,0,0,0,0,0,0,0,0,0,0,0,0,0,0,0,0,0,0,0,0,0,0,0,0,0,0,0,0,0,0,0,0,0,0,0,0,0,0.2,0.2,0.2,0.4,0.4,0.2,0.2,0.2,0.2,0.6,0.8,1,3,5,4.8,6.4,8.4,9.2,9.8,13.4,15.4,18.8,21.4,29.6,35.8,46,51.8,61.8,66.2,68.4,61.8,61.2,62.4,72.6,80.8,Morocco,Africa
Mozambique,0,0,0,0,0,0,0,0,0,0,0,0,0,0,0,0,0,0,0,0,0,0,0,0,0,0,0,0,0,0,0,0,0,0,0,0,0,0,0,0,0,0,0,0,0,0,0,0,0,0,0,0,0,0,0,0,0,0,0,0,0,0.2,0.2,0.6,1,1.4,1.2,1.4,1,0.6,0.2,0.6,0.4,0.4,0.4,0.4,Mozambique,Africa
MS Zaandam,0,0,0,0,0,0,0,0,0,0,0,0,0,0,0,0,0,0,0,0,0,0,0,0,0,0,0,0,0,0,0,0,0,0,0,0,0,0,0,0,0,0,0,0,0,0,0,0,0,0,0,0,0,0,0,0,0,0,0,0,0,0,0,0,0,0,0,0.4,0.4,0.4,0.4,1.8,1.4,1.4,1.4,1.4,MS Zaandam,Other
Namibia,0,0,0,0,0,0,0,0,0,0,0,0,0,0,0,0,0,0,0,0,0,0,0,0,0,0,0,0,0,0,0,0,0,0,0,0,0,0,0,0,0,0,0,0,0,0,0,0,0,0,0,0,0,0.4,0.4,0.4,0.4,0.4,0.2,0.2,0.2,0.2,0.4,0.8,0.8,1,1,0.8,0.8,0.8,0.6,1.2,1.2,0.6,0.6,1,Namibia,Africa
Nepal,0,0,0,1,0,0.2,0.2,0.2,0.2,0,0,0,0,0,0,0,0,0,0,0,0,0,0,0,0,0,0,0,0,0,0,0,0,0,0,0,0,0,0,0,0,0,0,0,0,0,0,0,0,0,0,0,0,0,0,0,0,0,0,0,0,0,0.2,0.2,0.4,0.4,0.6,0.6,0.6,0.4,0.4,0.2,0.2,0.2,0.8,0.8,Nepal,Asia
Netherlands,0,0,0,0,0,0,0,0,0,0,0,0,0,0,0,0,0,0,0,0,0,0,0,0,0,0,0,0,0,0,0,0,0,0,0,0,0,0.2,0.2,1.2,2,3.6,4.6,7.4,15.2,23.6,34,48.2,56.6,60,75,63,108.2,128.2,151.2,182.6,241.6,250.4,301,373,444.8,501.2,541.2,622.6,687,765.6,886,1011,1070,1075.8,1039.8,1009.8000000000001,993.8,978.1999999999999,982,1057.2,Netherlands,Europe
New Zealand,0,0,0,0,0,0,0,0,0,0,0,0,0,0,0,0,0,0,0,0,0,0,0,0,0,0,0,0,0,0,0,0,0,0,0,0,0,0,0.2,0.2,0.2,0.2,0.2,0.4,0.4,0.6,0.8,0.8,0.4,0.4,0.2,0,0,0.2,0.6,0.6,1.4,3,4.4,6.2,8.8,18,16.4,25.4,33.2,46.2,53.2,69.8,71.8,76.8,72.8,68,69.2,70.8,72.2,78.4,New Zealand,Oceania
Nicaragua,0,0,0,0,0,0,0,0,0,0,0,0,0,0,0,0,0,0,0,0,0,0,0,0,0,0,0,0,0,0,0,0,0,0,0,0,0,0,0,0,0,0,0,0,0,0,0,0,0,0,0,0,0,0,0,0,0,0,0.2,0.2,0.4,0.4,0.4,0.2,0.2,0,0,0.4,0.4,0.4,0.6,0.6,0.2,0.2,0.2,0.2,Nicaragua,North America
Niger,0,0,0,0,0,0,0,0,0,0,0,0,0,0,0,0,0,0,0,0,0,0,0,0,0,0,0,0,0,0,0,0,0,0,0,0,0,0,0,0,0,0,0,0,0,0,0,0,0,0,0,0,0,0,0,0,0,0,0,0.2,0.2,0.4,0.6,0.6,1.2,1.8,1.6,1.4,3,4,3.4,12.8,17.6,20.4,23.4,31.4,Niger,Africa
Nigeria,0,0,0,0,0,0,0,0,0,0,0,0,0,0,0,0,0,0,0,0,0,0,0,0,0,0,0,0,0,0,0,0,0,0,0,0,0,0,0.2,0.2,0.2,0.2,0.2,0,0,0,0,0,0.2,0.2,0.2,0.2,0.2,0,0,0,0.2,1.2,1.2,2,4,5.4,6.4,7.2,7.8,8.6,8,9.8,13.4,16,14,20.8,19,19.8,16.6,19.4,Nigeria,Africa
North Macedonia,0,0,0,0,0,0,0,0,0,0,0,0,0,0,0,0,0,0,0,0,0,0,0,0,0,0,0,0,0,0,0,0,0,0,0,0,0.2,0.2,0.2,0.2,0.2,0,0,0,0,0.4,0.4,0.4,0.4,1.2,0.8,0.8,2.2,2.2,1.4,2.2,3.8,4.2,6.8,10.6,13.4,17.8,20.2,20,22,23.2,20.8,21,22.2,21.6,25.6,27,28.6,34.2,39.6,45.2,North Macedonia,Europe
Norway,0,0,0,0,0,0,0,0,0,0,0,0,0,0,0,0,0,0,0,0,0,0,0,0,0,0,0,0,0,0,0,0,0,0,0,0,0.2,0.2,1.2,3,3.8,4.8,6.2,10,14.4,17.8,24.4,28.8,29.8,62.6,98,111,164,177,164.2,147,152.2,110.8,131.2,138.6,157,184.4,214.2,223.4,234,250.2,274,278.8,284.2,272.2,254.4,221.6,226.4,217.2,221,209.2,Norway,Europe
Oman,0,0,0,0,0,0,0,0,0,0,0,0,0,0,0,0,0,0,0,0,0,0,0,0,0,0,0,0,0,0,0,0,0,0,0.4,0.4,0.8,0.8,0.8,0.8,0.8,0.4,1.6,2.2,2,2,2,0.8,0.2,0.4,0.4,0.4,0.6,0.6,0.8,0.8,1.2,4,5.8,5.2,6,6.2,5.4,7.2,10.2,11.4,15.2,17.2,16.6,16,16.6,15.8,15.8,17,19.6,21.2,Oman,Asia
Pakistan,0,0,0,0,0,0,0,0,0,0,0,0,0,0,0,0,0,0,0,0,0,0,0,0,0,0,0,0,0,0,0,0,0,0,0,0,0.4,0.4,0.4,0.8,0.8,0.4,0.6,0.6,0.2,0.4,0.4,0.2,0.2,2.2,2.6,2.8,4.4,5,7.4,23.4,43.2,54.2,84.6,89.6,118.8,108,115.2,103.6,112.4,94.2,119.4,124,125,130.8,147.4,149,185.2,217.8,220.2,243.8,Pakistan,Asia
Panama,0,0,0,0,0,0,0,0,0,0,0,0,0,0,0,0,0,0,0,0,0,0,0,0,0,0,0,0,0,0,0,0,0,0,0,0,0,0,0,0,0,0,0,0,0,0,0,0,0,0.2,1.6,2.2,5.4,7.2,8.4,9.4,11.6,11.8,14.6,18.8,29,48.8,51.8,47.2,61.2,71.6,72.2,88.2,111.2,109.2,124.6,101.4,106.2,114.8,136.8,124,Panama,North America
Papua New Guinea,0,0,0,0,0,0,0,0,0,0,0,0,0,0,0,0,0,0,0,0,0,0,0,0,0,0,0,0,0,0,0,0,0,0,0,0,0,0,0,0,0,0,0,0,0,0,0,0,0,0,0,0,0,0,0,0,0,0,0,0.2,0.2,0.2,0.2,0.2,0,0,0,0,0,0,0,0,0,0,0,0,Papua New Guinea,Oceania
Paraguay,0,0,0,0,0,0,0,0,0,0,0,0,0,0,0,0,0,0,0,0,0,0,0,0,0,0,0,0,0,0,0,0,0,0,0,0,0,0,0,0,0,0,0,0,0,0,0,0.2,0.2,0.2,1,1,1,1,1,0.6,0.8,1,1,1.4,2,2.6,2.2,3.2,4.8,4.6,6,6.8,6.4,5.4,4.8,3.4,4.2,6.6,6.4,7.8,Paraguay,South America
Peru,0,0,0,0,0,0,0,0,0,0,0,0,0,0,0,0,0,0,0,0,0,0,0,0,0,0,0,0,0,0,0,0,0,0,0,0,0,0,0,0,0,0,0,0,0,0.2,0.2,1.2,1.4,2.2,2,2.8,4.4,6.2,6.4,15,20.4,23.4,39.2,38.2,46.4,49.2,50,36.4,49.2,52.4,54.4,55.2,87.2,94,97,137.6,148.6,148.6,159.2,243.2,Peru,South America
Philippines,0,0,0,0,0,0,0,0,0,0.2,0.2,0.2,0.4,0.4,0.2,0.2,0.2,0.2,0.2,0.2,0.2,0.2,0,0,0,0,0,0,0,0,0,0,0,0,0,0,0,0,0,0,0,0,0,0,0,0.4,0.6,1.4,3.4,6,8.8,9.2,10.8,18.2,21.4,18.6,27,27.6,21.2,18,33,38.6,52,67,81.2,80,84.6,122.6,173.2,182,275.4,301.6,311.6,320,309.6,232.4,Philippines,Asia
Poland,0,0,0,0,0,0,0,0,0,0,0,0,0,0,0,0,0,0,0,0,0,0,0,0,0,0,0,0,0,0,0,0,0,0,0,0,0,0,0,0,0,0,0,0.2,0.2,1,1,2.2,3,4.2,5.2,8.8,11.4,17.4,19.4,29.2,37.8,36.6,50.4,61.2,71.8,79.2,99.6,109.2,125.2,137,151,177.8,192.2,200.8,218,233,261.6,304.2,314.4,358.2,Poland,Europe
Portugal,0,0,0,0,0,0,0,0,0,0,0,0,0,0,0,0,0,0,0,0,0,0,0,0,0,0,0,0,0,0,0,0,0,0,0,0,0,0,0,0,0,0.4,0.4,1,1.6,2.6,3.6,5.6,5,6.6,9.2,7.8,16.4,27.8,40.8,54.4,77.8,67.2,123.2,155,189.8,230.4,322.4,315.4,395,452.8,533.6,622,720,682.6,779.8,796.6,772.8,784.8,823.2,767,Portugal,Europe
Qatar,0,0,0,0,0,0,0,0,0,0,0,0,0,0,0,0,0,0,0,0,0,0,0,0,0,0,0,0,0,0,0,0,0,0,0,0,0,0,0,0.2,0.6,0.6,1.4,1.6,1.4,1,1,1.6,2,3.2,50.8,50.8,61,63.8,75.4,35.4,35.4,26.4,24.6,13.8,8.4,11,9.8,13.2,13.4,13.6,13.6,17.8,21.6,31.2,46.4,54.6,71.8,88.2,126.4,164.6,Qatar,Asia
Romania,0,0,0,0,0,0,0,0,0,0,0,0,0,0,0,0,0,0,0,0,0,0,0,0,0,0,0,0,0,0,0,0,0,0,0,0,0.2,0.2,0.6,0.6,0.6,0.4,0.4,0.2,0.6,1.2,1.2,2.4,2.2,3.8,7.2,8,14.8,21.6,21.2,22.6,27,34.2,30.8,35.4,41.8,49.8,63.2,103.4,119.6,132.4,171.8,175.2,204.2,240.6,243.2,233.6,257.2,273.6,300.8,323.8,Romania,Europe
Russia,0,0,0,0,0,0,0,0,0,0,0.4,0.4,0.4,0.4,0.4,0,0,0,0,0,0,0,0,0,0,0,0,0,0,0,0,0,0,0,0,0,0,0,0,0,0,0.2,0.2,0.2,0.4,2.2,2,2.8,2.8,3.2,1.4,3,5.6,8.4,8.6,14,17.2,20.4,28,38,43.2,50.6,58.2,59.2,81,106.8,133.8,165.2,207.8,235.6,299.4,348.2,456.8,523,579,610.4,Russia,Europe
Rwanda,0,0,0,0,0,0,0,0,0,0,0,0,0,0,0,0,0,0,0,0,0,0,0,0,0,0,0,0,0,0,0,0,0,0,0,0,0,0,0,0,0,0,0,0,0,0,0,0,0,0,0,0,0,0.2,0.2,1,1.4,1.6,1.4,3.2,2.4,2.4,5.6,6.4,4.8,6.6,7,4.8,6,5.8,5,5.6,4.8,3.8,6.4,5.8,Rwanda,Africa
Saint Kitts and Nevis,0,0,0,0,0,0,0,0,0,0,0,0,0,0,0,0,0,0,0,0,0,0,0,0,0,0,0,0,0,0,0,0,0,0,0,0,0,0,0,0,0,0,0,0,0,0,0,0,0,0,0,0,0,0,0,0,0,0,0,0,0,0,0,0,0.4,0.4,0.4,0.4,0.4,1,1.2,1.2,1.4,1.4,0.4,0.4,Saint Kitts and Nevis,North America
Saint Lucia,0,0,0,0,0,0,0,0,0,0,0,0,0,0,0,0,0,0,0,0,0,0,0,0,0,0,0,0,0,0,0,0,0,0,0,0,0,0,0,0,0,0,0,0,0,0,0,0,0,0,0,0,0,0.2,0.4,0.4,0.4,0.4,0.2,0,0,0,0.2,0.2,0.2,0.2,0.2,0,1.2,1.2,2,2,2,0.8,1,0.2,Saint Lucia,North America
Saint Vincent and the Grenadines,0,0,0,0,0,0,0,0,0,0,0,0,0,0,0,0,0,0,0,0,0,0,0,0,0,0,0,0,0,0,0,0,0,0,0,0,0,0,0,0,0,0,0,0,0,0,0,0,0,0,0,0,0,0.2,0.2,0.2,0.2,0.2,0,0,0,0,0,0,0,0,0,0,0,0,0,0,0.2,0.4,1.2,1.2,Saint Vincent and the Grenadines,North America
San Marino,0,0,0,0,0,0,0,0,0,0,0,0,0,0,0,0,0,0,0,0,0,0,0,0,0,0,0,0,0,0,0,0,0,0,0,0,0,0.2,0.2,0.2,0.2,1.6,1.8,3,4,4,3,5.2,4,6,8.2,9.2,8.8,8.8,10,9.4,8,7.8,7.8,8.6,7,13.2,13.6,13.6,12.8,12.8,9.6,7.4,7.4,4.4,5.6,2.6,4.2,4.2,5.8,6,San Marino,Europe
Saudi Arabia,0,0,0,0,0,0,0,0,0,0,0,0,0,0,0,0,0,0,0,0,0,0,0,0,0,0,0,0,0,0,0,0,0,0,0,0,0,0,0,0,0,0.2,0.2,0.2,1,1,0.8,2,2.8,3,3.2,8,15,17.6,16.6,19.4,25.2,17,34.2,48.2,54.8,68,78.2,98.6,111.2,124,118.6,128.2,106.4,110.6,110.2,123.2,136.4,148,145.2,167.8,Saudi Arabia,Asia
Senegal,0,0,0,0,0,0,0,0,0,0,0,0,0,0,0,0,0,0,0,0,0,0,0,0,0,0,0,0,0,0,0,0,0,0,0,0,0,0,0,0,0,0.2,0.4,0.8,0.8,0.8,0.6,0.4,0,0,0,0,1.2,1.2,4,4,4.4,4.2,4.2,2.8,4.6,8.2,9.6,11,12.2,11.6,10.4,10.2,11.2,12.6,14,14.2,13,13,11.4,9.4,Senegal,Africa
Serbia,0,0,0,0,0,0,0,0,0,0,0,0,0,0,0,0,0,0,0,0,0,0,0,0,0,0,0,0,0,0,0,0,0,0,0,0,0,0,0,0,0,0,0,0,0,0.2,0.2,0.2,0.2,1,2.2,3.6,6.8,9,8.6,8.6,9.2,9.6,11.4,17.4,23.2,31.4,33.2,40,49.8,42.6,47,82,87.6,80.2,103.2,120.6,102.4,147,167.8,201.6,Serbia,Europe
Seychelles,0,0,0,0,0,0,0,0,0,0,0,0,0,0,0,0,0,0,0,0,0,0,0,0,0,0,0,0,0,0,0,0,0,0,0,0,0,0,0,0,0,0,0,0,0,0,0,0,0,0,0,0,0,0.4,0.4,0.6,0.8,0.8,0.8,1,0.8,0.6,0.6,0.2,0,0,0,0.2,0.2,0.2,0.6,0.6,0.4,0.4,0.4,0,Seychelles,Africa
Singapore,0,1,2,0,1,0.8,1,1.2,0.8,1.4,1.8,2.2,2.2,2.2,2.8,3,2.4,2.4,3,3.2,3.4,3.8,4,5,5.4,5.4,5.6,5.4,4.6,3.4,2.4,2,1.6,1.6,1,1.4,1.6,1.6,0.8,2.6,3,3,3.4,3.4,3,4.8,6,8,8,8.6,9.6,8,10,12.4,13.2,13,17.6,22.6,26.6,31.8,37.8,37.8,39.2,42.6,49.2,50.2,55.4,58.6,57.2,49.6,48.6,53.6,49.4,54,62,76.6,Singapore,Asia
Slovakia,0,0,0,0,0,0,0,0,0,0,0,0,0,0,0,0,0,0,0,0,0,0,0,0,0,0,0,0,0,0,0,0,0,0,0,0,0,0,0,0,0,0,0,0,0,0.2,0.2,0.6,0.6,1.4,1.8,3,5.8,8.2,9.4,10.6,11.2,14.6,15.8,16.6,23,22.6,16.2,16.2,15.8,9.6,16.8,21.2,22,24,27.4,26.2,26.8,27.2,27,24.4,Slovakia,Europe
Slovenia,0,0,0,0,0,0,0,0,0,0,0,0,0,0,0,0,0,0,0,0,0,0,0,0,0,0,0,0,0,0,0,0,0,0,0,0,0,0,0,0,0,0,0,0,0.4,1.4,1.4,3.2,3.2,5.8,10,16.4,25,33,37.6,39.2,37.2,26.8,21,24.4,26,27.8,33.4,38.8,37.4,35.8,43.6,48.4,50,45.6,48,41.8,42.6,40.8,44.2,39,Slovenia,Europe
Somalia,0,0,0,0,0,0,0,0,0,0,0,0,0,0,0,0,0,0,0,0,0,0,0,0,0,0,0,0,0,0,0,0,0,0,0,0,0,0,0,0,0,0,0,0,0,0,0,0,0,0,0,0,0,0,0,0.2,0.2,0.2,0.2,0.2,0,0,0,0,0,0.2,0.4,0.4,0.4,0.4,0.6,0.4,0.4,0.8,0.8,0.4,Somalia,Africa
South Africa,0,0,0,0,0,0,0,0,0,0,0,0,0,0,0,0,0,0,0,0,0,0,0,0,0,0,0,0,0,0,0,0,0,0,0,0,0,0,0,0,0,0,0,0,0.2,0.2,0.2,0.6,0.6,1.2,2.4,3.2,4.2,7,8.8,9.8,9,18.4,22.4,30.2,35.6,42.4,57.2,80.8,101.4,137.4,179.2,157,145.2,123.4,85.2,42,55,45,51.8,60.4,South Africa,Africa
Spain,0,0,0,0,0,0,0,0,0,0,0,0.2,0.2,0.2,0.2,0.2,0,0,0,0.2,0.2,0.2,0.2,0.2,0,0,0,0,0,0,0,0,0,0,0,0.8,2.2,2.6,6,8.6,15.6,21.4,30,38,42.8,63.2,76,101.6,170.2,287.2,375.4,355.4,911.8,1063.6,1220.6,1533,1894.2,1735.6,2314.4,2522.4,3086.4,3404,4245.2,4384.4,5821,6482.4,7390.2,7619.8,8045,7688.2,7627.4,7679.8,7766,7817.8,7642.4,7144.6,Spain,Europe
Sri Lanka,0,0,0,0,0,0,0.2,0.2,0.2,0.2,0.2,0,0,0,0,0,0,0,0,0,0,0,0,0,0,0,0,0,0,0,0,0,0,0,0,0,0,0,0,0,0,0,0,0,0,0,0,0,0,0,0.2,0.2,1,1.8,3.4,5.2,8.4,9,10,11,9.8,7.6,9.2,8.4,5.8,5.8,4.8,3.2,3,4,7.4,8,7.6,8.4,8.8,6.6,Sri Lanka,Asia
Sudan,0,0,0,0,0,0,0,0,0,0,0,0,0,0,0,0,0,0,0,0,0,0,0,0,0,0,0,0,0,0,0,0,0,0,0,0,0,0,0,0,0,0,0,0,0,0,0,0,0,0,0,0,0.2,0.2,0.2,0.2,0.2,0.2,0.2,0.2,0.2,0.2,0,0.2,0.2,0.2,0.2,0.6,0.6,0.6,0.8,0.8,0.6,0.8,0.8,1,Sudan,Africa
Suriname,0,0,0,0,0,0,0,0,0,0,0,0,0,0,0,0,0,0,0,0,0,0,0,0,0,0,0,0,0,0,0,0,0,0,0,0,0,0,0,0,0,0,0,0,0,0,0,0,0,0,0,0,0,0.2,0.2,0.2,0.2,0.2,0,0.6,0.6,0.8,0.8,1.2,0.8,0.8,0.6,0.6,0.2,0,0.2,0.4,0.4,0.4,0.4,0.2,Suriname,South America
Sweden,0,0,0,0,0,0,0,0,0,0,0.2,0.2,0.2,0.2,0.2,0,0,0,0,0,0,0,0,0,0,0,0,0,0,0,0,0,0,0,0,0,0.2,1.2,1.2,2.2,2.6,2.6,2.8,5.6,16.4,17.4,29.2,36.4,42.6,52.2,79.8,87.6,122.2,142.6,133.4,120.6,118.2,93,95.6,123.4,132,148.8,153.4,169.4,177.4,215.4,227,280.2,282.8,300.4,319,375.6,424.2,486.2,483,479,Sweden,Europe
Switzerland,0,0,0,0,0,0,0,0,0,0,0,0,0,0,0,0,0,0,0,0,0,0,0,0,0,0,0,0,0,0,0,0,0,0,0,0.2,0.2,1.6,1.6,3.6,5.2,8.2,9.6,16.4,19.2,37.4,45.2,56.2,56.8,75.4,87.6,76.8,160.4,197,341.8,309.6,409.6,377.8,543.2,618.8,875,954.8,1153.4,1160.4,1120.6,1047.2,1090.8,1056.2,990.4,1005,958.8,968,950.2,955.4,916.6,899,Switzerland,Europe
Syria,0,0,0,0,0,0,0,0,0,0,0,0,0,0,0,0,0,0,0,0,0,0,0,0,0,0,0,0,0,0,0,0,0,0,0,0,0,0,0,0,0,0,0,0,0,0,0,0,0,0,0,0,0,0,0,0,0,0,0,0,0,0.2,0.2,0.2,1,1,0.8,0.8,1.6,1,1,1,2.2,1.4,1.2,1.8,Syria,Asia
Taiwan*,1,0,2,0,1,0.8,0.8,1.4,1,1.2,1.2,1,0.4,0.4,0.4,0.2,1.2,1.2,1.4,1.4,1.4,0.4,0.4,0.2,0,0,0.4,0.8,0.8,1,1.2,1.2,0.8,1.2,1.4,1.4,1.2,1.2,1.2,1.8,1.8,1.8,2,1.6,1,1,0.8,0.6,0.6,0.6,0.6,0.8,1,1.6,2.4,3.8,5.6,10,11,15.2,17.2,18.4,19,21.4,20,19.8,19.6,17.6,16.6,14.2,14,12.4,11.2,10,9.8,8.2,Taiwan*,Asia
Tanzania,0,0,0,0,0,0,0,0,0,0,0,0,0,0,0,0,0,0,0,0,0,0,0,0,0,0,0,0,0,0,0,0,0,0,0,0,0,0,0,0,0,0,0,0,0,0,0,0,0,0,0,0,0,0,0,0.2,0.2,0.6,1.2,1.2,1,2.2,1.8,1.2,1.2,1.4,0.2,0.4,0.4,1.4,1.2,1.4,1.2,1.2,0.2,0.6,Tanzania,Africa
Thailand,2,1,2,2,1,1.6,1.2,2.2,1.8,1.4,2.2,2.2,1,1,2.2,1.2,1.2,1.2,2.6,1.4,1.4,1.6,1.6,0.2,0.2,0.2,0.2,0.4,0.4,0.4,0.4,0.2,0,0,0,0.4,1,1,1.2,1.4,1,0.6,0.6,0.4,1,1.2,1.4,1.4,1.4,1.2,2.2,4,5,6.4,12.2,17.6,21.4,27.4,38,41.6,52.8,84.4,101.8,111,122.4,126.8,107.4,104.8,112.2,118,121.2,127,126,118,108.6,103.6,Thailand,Asia
Timor-Leste,0,0,0,0,0,0,0,0,0,0,0,0,0,0,0,0,0,0,0,0,0,0,0,0,0,0,0,0,0,0,0,0,0,0,0,0,0,0,0,0,0,0,0,0,0,0,0,0,0,0,0,0,0,0,0,0,0,0,0,0,0,0.2,0.2,0.2,0.2,0.2,0,0,0,0,0,0,0,0,0,0,Timor-Leste,Asia
Togo,0,0,0,0,0,0,0,0,0,0,0,0,0,0,0,0,0,0,0,0,0,0,0,0,0,0,0,0,0,0,0,0,0,0,0,0,0,0,0,0,0,0,0,0,0,0.2,0.2,0.2,0.2,0.2,0,0,0,0,0,0,0,0,0,1.6,3,3,3.4,3.8,2.8,1.4,1.8,1.4,1,1.4,2.2,2.2,2.8,3,2.2,2,Togo,Africa
Trinidad and Tobago,0,0,0,0,0,0,0,0,0,0,0,0,0,0,0,0,0,0,0,0,0,0,0,0,0,0,0,0,0,0,0,0,0,0,0,0,0,0,0,0,0,0,0,0,0,0,0,0,0,0,0,0,0,0.4,0.4,0.8,1,1.4,1.4,1.4,9,9,8.8,9.6,10.2,3.2,3.2,4.6,4.2,4.4,4.4,4.8,4,4,4.2,3.4,Trinidad and Tobago,North America
Tunisia,0,0,0,0,0,0,0,0,0,0,0,0,0,0,0,0,0,0,0,0,0,0,0,0,0,0,0,0,0,0,0,0,0,0,0,0,0,0,0,0,0,0,0,0.2,0.2,0.2,0.2,0.4,0.2,0.8,1.2,1.2,2.8,3.2,2.6,2.6,3.4,2.6,4.2,7.2,8,10.2,12,15,23.8,27.4,30.4,37.8,39.6,27.8,39.4,39.2,35.4,36.6,48.2,36,Tunisia,Africa
Turkey,0,0,0,0,0,0,0,0,0,0,0,0,0,0,0,0,0,0,0,0,0,0,0,0,0,0,0,0,0,0,0,0,0,0,0,0,0,0,0,0,0,0,0,0,0,0,0,0,0,0,0.2,0.2,1,1,1.2,3.4,9.2,18.6,37.4,70.6,130.4,237.8,286.2,336,414.8,591.8,892.4,1174.6,1469,1678.8,1980.4,1996.2,2146.6,2340.8,2621.4,2707.6,Turkey,Asia
Uganda,0,0,0,0,0,0,0,0,0,0,0,0,0,0,0,0,0,0,0,0,0,0,0,0,0,0,0,0,0,0,0,0,0,0,0,0,0,0,0,0,0,0,0,0,0,0,0,0,0,0,0,0,0,0,0,0,0,0,0,0,0.2,0.2,1.8,1.8,2.8,2.6,4.4,4.2,4.8,3.8,6,4.2,3,3,3,1.6,Uganda,Africa
Ukraine,0,0,0,0,0,0,0,0,0,0,0,0,0,0,0,0,0,0,0,0,0,0,0,0,0,0,0,0,0,0,0,0,0,0,0,0,0,0,0,0,0,0,0.2,0.2,0.2,0.2,0.2,0,0,0,0,0,0.4,0.4,0.4,1.2,2.6,2.2,2.6,5.2,8,11.8,11.8,16.2,23.2,29.8,47.4,56.6,75.6,80.6,89.8,96.8,108.2,119.4,135.4,132.6,Ukraine,Europe
United Arab Emirates,0,0,0,0,0,0,0,0,0.8,0.8,0.8,0.8,1,0.2,0.2,0.2,0.2,0,0.4,0.4,0.6,0.6,0.6,0.2,0.2,0,0.2,0.2,0.2,0.2,0.2,0,0.8,0.8,0.8,0.8,0.8,0,1.2,1.6,1.6,1.6,2.8,1.6,1.6,1.6,4.8,3.6,3.6,9,9,8,8,8,4.8,4.8,2.6,5.6,11,8.4,11,11,17,21.6,38.6,36,50.4,54,64.4,55.6,66.2,81.8,111.2,138.8,178.8,227,United Arab Emirates,Asia
United Kingdom,0,0,0,0,0,0,0,0,0,0,0.4,0.4,0.4,0.4,0.4,0,0,0.2,0.2,0.2,1.2,1.2,1.2,1.2,1.2,0.2,0.2,0,0,0,0,0,0,0,0.8,0.8,0.8,1.2,2.2,2,4.6,5.4,7.2,13.2,18.599999999999998,25.599999999999998,33.400000000000006,44.6,47.2,53.6,59,50.4,105.6,164.4,152.2,218.4,300.2,368,314.40000000000003,573.8000000000001,703.2,757,816.8,1089.6,1125.2,1349,1800,2117.2000000000007,2323.2000000000003,2562.6000000000004,2733.8,3023.9999999999995,3372.2,3781.7999999999993,4004.7999999999997,4590.999999999999,United Kingdom,Europe
Uruguay,0,0,0,0,0,0,0,0,0,0,0,0,0,0,0,0,0,0,0,0,0,0,0,0,0,0,0,0,0,0,0,0,0,0,0,0,0,0,0,0,0,0,0,0,0,0,0,0,0,0,0,0,0,0.8,0.8,1.6,5.8,10,15,18,20.4,25.8,22.4,16.6,19,21.4,16,22.4,28.4,24.2,24.2,20,15.2,13,18,12.4,Uruguay,South America
US,1,0,1,0,3,1,0.8,0.8,0.6,0.6,0.4,0.6,0.6,1.2,1.2,0.8,0.6,0.6,0,0,0,0.2,0.2,0.4,0.4,0.4,0.2,0.2,0,0,0,0.4,0.4,0.4,7.6,7.6,8.4,8.6,9,3.4,4.6,8.2,12,17.8,29.8,37.6,60.8,80,86.8,148.4,203.8,252.2,332.2,428.8,508,670.2,951.6,1120.8,2190,3120.2,4171.4,5371,7212.8,8012.6,9335.6,11669.4,13676.2,15526.2,17429.2,19205.8,20867.2,22343,24395,26940,29408.6,29780,US,North America
Uzbekistan,0,0,0,0,0,0,0,0,0,0,0,0,0,0,0,0,0,0,0,0,0,0,0,0,0,0,0,0,0,0,0,0,0,0,0,0,0,0,0,0,0,0,0,0,0,0,0,0,0,0,0,0,0,0,0.2,1.2,2,3,4.6,6.4,7.4,6.6,6.2,5.4,5.4,6.4,9,11.6,18.8,17.8,19.4,18.6,20.2,16.6,23.4,34,Uzbekistan,Asia
Venezuela,0,0,0,0,0,0,0,0,0,0,0,0,0,0,0,0,0,0,0,0,0,0,0,0,0,0,0,0,0,0,0,0,0,0,0,0,0,0,0,0,0,0,0,0,0,0,0,0,0,0,0,0,0,0.4,2,3.4,6.6,7.2,8,6.4,10.6,7.4,8.2,8.4,9.8,7.4,7.4,8.4,7,8.8,5.6,7.2,5.4,6.8,4,4.8,Venezuela,South America
Vietnam,0,2,0,0,0,0.4,0.4,0,0,0,0,0.8,0.8,1.2,1.2,1.2,0.8,0.8,1,1,1.2,1,1,0.6,0.6,0.4,0.2,0.2,0,0,0,0,0,0,0,0,0,0,0,0,0,0,0,0,0,0,0.4,2.8,2.8,3,4.4,4.2,3.4,4.6,5,4.6,5.4,5.6,6.4,7,6.6,9.4,9.6,9.8,10,11.8,10,10.2,10.8,12.4,11.8,11,11.8,9.8,7.4,5.8,Vietnam,Asia
West Bank and Gaza,0,0,0,0,0,0,0,0,0,0,0,0,0,0,0,0,0,0,0,0,0,0,0,0,0,0,0,0,0,0,0,0,0,0,0,0,0,0,0,0,0,0,0,0,0.8,1.4,3.2,3.2,3.8,4.4,4.6,2.8,3,3.2,2.4,1.6,1.8,2,1.8,1.8,2,2.6,3.6,3,2.4,7.2,7.8,7.8,10,11.4,7,8.6,12.6,17,20.2,23.6,West Bank and Gaza,Asia
Zambia,0,0,0,0,0,0,0,0,0,0,0,0,0,0,0,0,0,0,0,0,0,0,0,0,0,0,0,0,0,0,0,0,0,0,0,0,0,0,0,0,0,0,0,0,0,0,0,0,0,0,0,0,0,0,0,0,0,0.4,0.4,0.4,0.4,0.6,0.2,0.2,2,2.8,3.8,5,5.2,4.6,3.8,2.8,2.2,2,0.8,0.8,Zambia,Africa
Zimbabwe,0,0,0,0,0,0,0,0,0,0,0,0,0,0,0,0,0,0,0,0,0,0,0,0,0,0,0,0,0,0,0,0,0,0,0,0,0,0,0,0,0,0,0,0,0,0,0,0,0,0,0,0,0,0,0,0,0,0,0,0.2,0.6,0.6,0.6,0.6,0.4,0,0.4,0.8,0.8,0.8,1,0.6,0.4,0.4,0.4,0.2,Zimbabwe,Africa
Botswana,0,0,0,0,0,0,0,0,0,0,0,0,0,0,0,0,0,0,0,0,0,0,0,0,0,0,0,0,0,0,0,0,0,0,0,0,0,0,0,0,0,0,0,0,0,0,0,0,0,0,0,0,0,0,0,0,0,0,0,0,0,0,0,0,0,0,0,0,0,0.6,0.8,0.8,0.8,0.8,0.2,0.4,Botswana,Africa
Burundi,0,0,0,0,0,0,0,0,0,0,0,0,0,0,0,0,0,0,0,0,0,0,0,0,0,0,0,0,0,0,0,0,0,0,0,0,0,0,0,0,0,0,0,0,0,0,0,0,0,0,0,0,0,0,0,0,0,0,0,0,0,0,0,0,0,0,0,0,0,0,0.4,0.4,0.6,0.6,0.6,0.2,Burundi,Africa
Sierra Leone,0,0,0,0,0,0,0,0,0,0,0,0,0,0,0,0,0,0,0,0,0,0,0,0,0,0,0,0,0,0,0,0,0,0,0,0,0,0,0,0,0,0,0,0,0,0,0,0,0,0,0,0,0,0,0,0,0,0,0,0,0,0,0,0,0,0,0,0,0,0,0.2,0.4,0.4,0.4,0.8,1,Sierra Leone,Africa
Malawi,0,0,0,0,0,0,0,0,0,0,0,0,0,0,0,0,0,0,0,0,0,0,0,0,0,0,0,0,0,0,0,0,0,0,0,0,0,0,0,0,0,0,0,0,0,0,0,0,0,0,0,0,0,0,0,0,0,0,0,0,0,0,0,0,0,0,0,0,0,0,0,0,0.6,0.6,0.8,0.8,Malawi,Africa
(blank),,,,,,,,,,,,,,,,,,,,,,,,,,,,,,,,,,,,,,,,,,,,,,,,,,,,,,,,,,,,,,,,,,,,,,,,,,,,,(blank),
South Sudan,0,0,0,0,0,0,0,0,0,0,0,0,0,0,0,0,0,0,0,0,0,0,0,0,0,0,0,0,0,0,0,0,0,0,0,0,0,0,0,0,0,0,0,0,0,0,0,0,0,0,0,0,0,0,0,0,0,0,0,0,0,0,0,0,0,0,0,0,0,0,0,0,0,0,0,0.2,South Sudan,
Western Sahara,0,0,0,0,0,0,0,0,0,0,0,0,0,0,0,0,0,0,0,0,0,0,0,0,0,0,0,0,0,0,0,0,0,0,0,0,0,0,0,0,0,0,0,0,0,0,0,0,0,0,0,0,0,0,0,0,0,0,0,0,0,0,0,0,0,0,0,0,0,0,0,0,0,0,0,0.8,Western Sahara,
Sao Tome and Principe,0,0,0,0,0,0,0,0,0,0,0,0,0,0,0,0,0,0,0,0,0,0,0,0,0,0,0,0,0,0,0,0,0,0,0,0,0,0,0,0,0,0,0,0,0,0,0,0,0,0,0,0,0,0,0,0,0,0,0,0,0,0,0,0,0,0,0,0,0,0,0,0,0,0,0,0,Sao Tome and Principe,
